{"cameraMode":{"drawMode":0,"name":"Shaded","section":"Shading Mode"},"sceneLighting":true,"audioPlay":false,"sceneViewState":{"m_AlwaysRefresh":false,"showFog":true,"showSkybox":true,"showFlares":true,"showImageEffects":true,"showParticleSystems":true,"showVisualEffectGraphs":true,"m_FxEnabled":true},"in2DMode":false,"pivot":{"x":404.8780212402344,"y":220.0724639892578,"z":137.52589416503907},"rotation":{"x":-0.09731833636760712,"y":-0.022551629692316057,"z":0.002214791951701045,"w":-0.9949550628662109},"size":832.0096435546875,"orthographic":false}